{
  "Gd_ctopo_fp_cmplx.csv": {
    "cv_scores": {
      "0": {
        "rmse": 14.222746708787696,
        "r2": 0.2668732763809506
      },
      "1": {
        "rmse": 15.041390409574761,
        "r2": 0.12375236471259687
      },
      "2": {
        "rmse": 11.262894890642999,
        "r2": 0.5127672896384552
      },
      "3": {
        "rmse": 12.853329093562625,
        "r2": 0.37270978551558165
      },
      "4": {
        "rmse": 24.450853818163665,
        "r2": -0.021132925087872234
      }
    },
    "test_rmse": 17.40796482479482,
    "test_r2": 0.10268779454588894,
    "pipeline": {
      "depth": 1,
      "length": 1,
      "nodes": [
        "rfr"
      ]
    }
  },
  "Gd_ctopo_fp_cmplx_da.csv": {
    "cv_scores": {
      "0": {
        "rmse": 14.781019852960942,
        "r2": 0.23809648878482792
      },
      "1": {
        "rmse": 19.942743418868282,
        "r2": -0.16177968167111678
      },
      "2": {
        "rmse": 12.804639124025947,
        "r2": 0.446071450885709
      },
      "3": {
        "rmse": 12.880866671122172,
        "r2": 0.37136584941871764
      },
      "4": {
        "rmse": 19.308661351438023,
        "r2": 0.19361875900308168
      }
    },
    "test_rmse": 14.367975506607003,
    "test_r2": 0.25938730233526097,
    "pipeline": {
      "depth": 3,
      "length": 3,
      "nodes": [
        "rfr",
        "scaling",
        "resample"
      ]
    }
  },
  "Gd_ctopo_fp_cmplx_da_bonds.csv": {
    "cv_scores": {
      "0": {
        "rmse": 12.895810776584943,
        "r2": 0.335271611269888
      },
      "1": {
        "rmse": 16.0518343497474,
        "r2": 0.0648881846695637
      },
      "2": {
        "rmse": 12.819529570800233,
        "r2": 0.44542729032035044
      },
      "3": {
        "rmse": 10.110503680477144,
        "r2": 0.5065698562523848
      },
      "4": {
        "rmse": 19.177492330343412,
        "r2": 0.1990967274694324
      }
    },
    "test_rmse": 13.379243977732973,
    "test_r2": 0.31035252875347485,
    "pipeline": {
      "depth": 1,
      "length": 1,
      "nodes": [
        "rfr"
      ]
    }
  },
  "Gd_ctopo_fp_cmplx_da_sub.csv": {
    "cv_scores": {
      "0": {
        "rmse": 13.193689149172211,
        "r2": 0.31991715127680187
      },
      "1": {
        "rmse": 15.282014474899341,
        "r2": 0.10973462682450319
      },
      "2": {
        "rmse": 15.14110787600007,
        "r2": 0.3449958381100653
      },
      "3": {
        "rmse": 12.616187770449327,
        "r2": 0.38428316314841304
      },
      "4": {
        "rmse": 21.487218713388245,
        "r2": 0.10263638807960196
      }
    },
    "test_rmse": 17.247306733178785,
    "test_r2": 0.1109690880780716,
    "pipeline": {
      "depth": 3,
      "length": 3,
      "nodes": [
        "rfr",
        "scaling",
        "resample"
      ]
    }
  },
  "Gd_ctopo_fp_cmplx_da_sub_bonds.csv": {
    "cv_scores": {
      "0": {
        "rmse": 12.883116361596194,
        "r2": 0.33592595849687
      },
      "1": {
        "rmse": 15.574997958662697,
        "r2": 0.0926666512028822
      },
      "2": {
        "rmse": 15.036731411233351,
        "r2": 0.34951116283963324
      },
      "3": {
        "rmse": 11.479331503940836,
        "r2": 0.4397659727820067
      },
      "4": {
        "rmse": 21.537247453617677,
        "r2": 0.1005470543398127
      }
    },
    "test_rmse": 15.396934978207263,
    "test_r2": 0.20634848349128931,
    "pipeline": {
      "depth": 4,
      "length": 4,
      "nodes": [
        "rfr",
        "ransac_non_lin_reg",
        "catboostreg",
        "normalization"
      ]
    }
  },
  "Gd_ctopo_fp_cmplx_full.csv": {
    "cv_scores": {
      "0": {
        "rmse": 13.870637026236961,
        "r2": 0.28502314737341283
      },
      "1": {
        "rmse": 16.2447687158274,
        "r2": 0.053648646472638895
      },
      "2": {
        "rmse": 11.695736737764173,
        "r2": 0.4940425560439018
      },
      "3": {
        "rmse": 15.75028792646275,
        "r2": 0.23132743123099542
      },
      "4": {
        "rmse": 22.697507119485575,
        "r2": 0.05209151347076413
      }
    },
    "test_rmse": 13.098322397870305,
    "test_r2": 0.324832932690596,
    "pipeline": {
      "depth": 2,
      "length": 2,
      "nodes": [
        "rfr",
        "svr"
      ]
    }
  },
  "Gd_ctopo_fp_ligand.csv": {
    "cv_scores": {
      "0": {
        "rmse": 15.057869169182693,
        "r2": 0.22382599404189463
      },
      "1": {
        "rmse": 14.800552032543294,
        "r2": 0.1377825874921308
      },
      "2": {
        "rmse": 10.915932809316875,
        "r2": 0.5277768654996005
      },
      "3": {
        "rmse": 10.854760279922512,
        "r2": 0.4702473690197698
      },
      "4": {
        "rmse": 19.91448408773965,
        "r2": 0.1683179843387278
      }
    },
    "test_rmse": 15.868266411546976,
    "test_r2": 0.18205319956771948,
    "pipeline": {
      "depth": 4,
      "length": 4,
      "nodes": [
        "catboostreg",
        "normalization",
        "rfr",
        "ransac_non_lin_reg"
      ]
    }
  },
  "Gd_ctopo_fp_skl.csv": {
    "cv_scores": {
      "0": {
        "rmse": 13.993699497330978,
        "r2": 0.27867976039754294
      },
      "1": {
        "rmse": 12.87742582156202,
        "r2": 0.24981576719464504
      },
      "2": {
        "rmse": 20.74038665510986,
        "r2": 0.10277109907942406
      },
      "3": {
        "rmse": 15.82284726399489,
        "r2": 0.22778626597551466
      },
      "4": {
        "rmse": 22.954037630119153,
        "r2": 0.04137811455857743
      }
    },
    "test_rmse": 14.834668783190274,
    "test_r2": 0.23533109717306588,
    "pipeline": {
      "depth": 3,
      "length": 3,
      "nodes": [
        "rfr",
        "scaling",
        "resample"
      ]
    }
  },
  "Gd_ctopo_fp_skl_da.csv": {
    "cv_scores": {
      "0": {
        "rmse": 14.852797888043863,
        "r2": 0.23439661303188064
      },
      "1": {
        "rmse": 13.34631192014888,
        "r2": 0.22250045099592897
      },
      "2": {
        "rmse": 16.312050664720676,
        "r2": 0.294340865816874
      },
      "3": {
        "rmse": 14.410888807375661,
        "r2": 0.29669508458962424
      },
      "4": {
        "rmse": 18.030701710866307,
        "r2": 0.24698976500663605
      }
    },
    "test_rmse": 14.6288359396483,
    "test_r2": 0.24594097171339524,
    "pipeline": {
      "depth": 2,
      "length": 2,
      "nodes": [
        "rfr",
        "ransac_lin_reg"
      ]
    }
  },
  "Gd_ctopo_fp_skl_da_bonds.csv": {
    "cv_scores": {
      "0": {
        "rmse": 15.683705405243439,
        "r2": 0.19156659445757895
      },
      "1": {
        "rmse": 13.192015671152255,
        "r2": 0.23148909630301073
      },
      "2": {
        "rmse": 19.176003920190237,
        "r2": 0.17044627916220445
      },
      "3": {
        "rmse": 10.452056697091932,
        "r2": 0.48990080004986414
      },
      "4": {
        "rmse": 17.797843333823632,
        "r2": 0.25671455242915797
      }
    },
    "test_rmse": 14.291995062963792,
    "test_r2": 0.26330379574175977,
    "pipeline": {
      "depth": 1,
      "length": 1,
      "nodes": [
        "rfr"
      ]
    }
  },
  "Gd_ctopo_fp_skl_da_skl.csv": {
    "cv_scores": {
      "0": {
        "rmse": 14.363636179539837,
        "r2": 0.2596109776000042
      },
      "1": {
        "rmse": 15.988969212413279,
        "r2": 0.06855044104554198
      },
      "2": {
        "rmse": 14.909594059409995,
        "r2": 0.35501112329549667
      },
      "3": {
        "rmse": 16.039810452007014,
        "r2": 0.2171976563046154
      },
      "4": {
        "rmse": 18.663257629584855,
        "r2": 0.22057254128241233
      }
    },
    "test_rmse": 15.288909127110589,
    "test_r2": 0.2119167917725392,
    "pipeline": {
      "depth": 2,
      "length": 2,
      "nodes": [
        "rfr",
        "ransac_lin_reg"
      ]
    }
  },