{"Gd_ctopo_fp_cmplx.csv": {"cv_scores": {"0": {"rmse": 14.265312214594873, "r2": 0.26467919176069066}, "1": {"rmse": 13.249909432223866, "r2": 0.22811645123127577}, "2": {"rmse": 15.353125673775937, "r2": 0.3358239504863032}, "3": {"rmse": 11.960099436128054, "r2": 0.4163027114663066}, "4": {"rmse": 23.422433459547438, "r2": 0.021816654375630296}}, "test_rmse": 14.395997764554659, "test_r2": 0.2579428650139608}, "Gd_ctopo_fp_cmplx_da.csv": {"cv_scores": {"0": {"rmse": 14.781019852960942, "r2": 0.23809648878482792}, "1": {"rmse": 15.593622520663779, "r2": 0.091581663182006}, "2": {"rmse": 14.990969795267032, "r2": 0.35149080984817604}, "3": {"rmse": 10.725213185548116, "r2": 0.47656974853906864}, "4": {"rmse": 26.202524840441615, "r2": -0.09428738292695149}}, "test_rmse": 15.009554563153035, "test_r2": 0.22631642219524017}, "Gd_ctopo_fp_cmplx_da_bonds.csv": {"cv_scores": {"0": {"rmse": 13.459005723442646, "r2": 0.30624112407900805}, "1": {"rmse": 15.750158719712873, "r2": 0.08246252788143349}, "2": {"rmse": 14.88380433027375, "r2": 0.3561267866971841}, "3": {"rmse": 10.839341240298427, "r2": 0.4709998754406767}, "4": {"rmse": 21.43888221795274, "r2": 0.10465504915948143}}, "test_rmse": 15.277848733229906, "test_r2": 0.21248691163009603}, "Gd_ctopo_fp_cmplx_da_sub.csv": {"cv_scores": {"0": {"rmse": 13.152573127002842, "r2": 0.32203652070933586}, "1": {"rmse": 14.797089764235665, "r2": 0.13798428456498657}, "2": {"rmse": 16.328289840906084, "r2": 0.29363835923187254}, "3": {"rmse": 11.05828164202794, "r2": 0.4603147703943121}, "4": {"rmse": 25.00267819490266, "r2": -0.04417858411249442}}, "test_rmse": 17.1254264740487, "test_r2": 0.11725153667111798}, "Gd_ctopo_fp_cmplx_da_sub_bonds.csv": {"cv_scores": {"0": {"rmse": 12.892833394508397, "r2": 0.335425083620302}, "1": {"rmse": 15.084489548097968, "r2": 0.12124159162676273}, "2": {"rmse": 14.999535404649865, "r2": 0.3511202616795197}, "3": {"rmse": 11.389825294714717, "r2": 0.4441342083398483}, "4": {"rmse": 21.026617647204, "r2": 0.12187231814196708}}, "test_rmse": 15.4472709931684, "test_r2": 0.20375385964794268}, "Gd_ctopo_fp_cmplx_full.csv": {"cv_scores": {"0": {"rmse": 13.870639575158684, "r2": 0.2850230159865107}, "1": {"rmse": 15.37010287964375, "r2": 0.10460296982659745}, "2": {"rmse": 15.307644819696446, "r2": 0.3377914517386782}, "3": {"rmse": 10.576391051142721, "r2": 0.4838328216255535}, "4": {"rmse": 22.723529560029203, "r2": 0.05100474688879297}}, "test_rmse": 21.01033337533994, "test_r2": -0.083000153556124}, "Gd_ctopo_fp_ligand.csv": {"cv_scores": {"0": {"rmse": 15.041787039748387, "r2": 0.22465496464106205}, "1": {"rmse": 17.07859589656072, "r2": 0.0050734100443072805}, "2": {"rmse": 13.747193416188434, "r2": 0.4052965624673889}, "3": {"rmse": 9.064138291341584, "r2": 0.5576363748641779}, "4": {"rmse": 22.3470441323476, "r2": 0.06672778334717155}}, "test_rmse": 16.344232680531313, "test_r2": 0.15751900807304353}, "Gd_ctopo_fp_skl.csv": {"cv_scores": {"0": {"rmse": 13.810177102364248, "r2": 0.28813961895282114}, "1": {"rmse": 13.500192926886747, "r2": 0.2135359959423676}, "2": {"rmse": 18.83886106863894, "r2": 0.1850310752501826}, "3": {"rmse": 15.673776214139545, "r2": 0.23506148706076724}, "4": {"rmse": 18.29084113390992, "r2": 0.2361256482784968}}, "test_rmse": 14.072358665592873, "test_r2": 0.2746251892594088}, "Gd_ctopo_fp_skl_da.csv": {"cv_scores": {"0": {"rmse": 15.095534456656537, "r2": 0.22188449642787833}, "1": {"rmse": 13.930461576093405, "r2": 0.18847036862073108}, "2": {"rmse": 17.542677361401363, "r2": 0.24110396831504755}, "3": {"rmse": 16.572042270207472, "r2": 0.19122276614471057}, "4": {"rmse": 23.173375748080687, "r2": 0.03221796924655762}}, "test_rmse": 16.9146017495282, "test_r2": 0.12811872306698524}, "Gd_ctopo_fp_skl_da_bonds.csv": {"cv_scores": {"0": {"rmse": 15.705304996095862, "r2": 0.1904532203957766}, "1": {"rmse": 12.93035546513509, "r2": 0.24673231056233913}, "2": {"rmse": 16.341032254726215, "r2": 0.2930871225487274}, "3": {"rmse": 11.444570086468557, "r2": 0.441462459105763}, "4": {"rmse": 16.938132360796462, "r2": 0.2926183775939556}}, "test_rmse": 14.822213504113106, "test_r2": 0.23597311788316988}, "Gd_ctopo_fp_skl_da_skl.csv": {"cv_scores": {"0": {"rmse": 14.182265294896087, "r2": 0.2689599342496086}, "1": {"rmse": 15.99588952710724, "r2": 0.06814729285106591}, "2": {"rmse": 15.099457793177065, "r2": 0.3467976202395865}, "3": {"rmse": 16.634302157579924, "r2": 0.18818425232316682}, "4": {"rmse": 22.89476901762349, "r2": 0.04385333002932046}}, "test_rmse": 14.631332218075295, "test_r2": 0.24581229836626373}, "Gd_ctopo_fp_skl_da_skl_bonds.csv": {"cv_scores": {"0": {"rmse": 14.772024049594675, "r2": 0.2385601871114077}, "1": {"rmse": 14.341600143007126, "r2": 0.16451917878895383}, "2": {"rmse": 13.658844565498757, "r2": 0.40911853278646026}, "3": {"rmse": 11.269367648564819, "r2": 0.4500129890152378}, "4": {"rmse": 16.436697136370753, "r2": 0.31355965110807515}}, "test_rmse": 15.07143370309786, "test_r2": 0.22312679560222182}, "Gd_ctopo_fp_topo.csv": {"cv_scores": {"0": {"rmse": 19.534861041525698, "r2": -0.006945350638805525}, "1": {"rmse": 12.898195093108695, "r2": 0.2486058374884239}, "2": {"rmse": 20.185311019873353, "r2": 0.12678366501721183}, "3": {"rmse": 13.696109532699063, "r2": 0.33157896885471017}, "4": {"rmse": 18.012518880116886, "r2": 0.24774912855637599}}, "test_rmse": 18.737277589662895, "test_r2": 0.03416694326963221}, "Gd_ctopo_fp_topo_da.csv": {"cv_scores": {"0": {"rmse": 15.950044075925609, "r2": 0.17783788220471797}, "1": {"rmse": 13.767887026926628, "r2": 0.1979412725987717}, "2": {"rmse": 17.44370262094669, "r2": 0.24538561450967955}, "3": {"rmse": 14.921490533672811, "r2": 0.2717758232781351}, "4": {"rmse": 20.168187951517563, "r2": 0.15772263374474615}}, "test_rmse": 14.624205847861937, "test_r2": 0.2461796347572428}}