{"Gd_ctopo_fp_cmplx_da.csv": {"best_name": "lgbm_raw", "holdout_metrics": {"RMSE": 11.560871490641391, "MAE": 2.66344021083991, "R2": 0.40408248760571286}}, 
"Gd_ctopo_fp_cmplx_full.csv": {"best_name": "lgbm_raw", "holdout_metrics": {"RMSE": 10.931435583906541, "MAE": 2.583994437842876, "R2": 0.43652743607319766}}, 
"Gd_ctopo_fp_topo.csv": {"best_name": "lgbm_raw", "holdout_metrics": {"RMSE": 17.834396016381593, "MAE": 3.4889100738033134, "R2": 0.08070694170936787}}, 
"Gd_ctopo_fp_cmplx_da_sub_bonds.csv": {"best_name": "lgbm_raw", "holdout_metrics": {"RMSE": 11.824288883178507, "MAE": 2.5270538693081153, "R2": 0.39050435576598264}}, 
"Gd_ctopo_fp_cmplx_da_bonds.csv": {"best_name": "lgbm_raw", "holdout_metrics": {"RMSE": 11.806347129031558, "MAE": 2.7109840529457787, "R2": 0.39142918271418414}}, 
"Gd_ctopo_fp_cmplx.csv": {"best_name": "lgbm_raw", "holdout_metrics": {"RMSE": 12.768851337109636, "MAE": 2.8586445585289186, "R2": 0.34181587165789973}}, 
"Gd_ctopo_fp_skl_da.csv": {"best_name": "lgbm_raw", "holdout_metrics": {"RMSE": 15.49776611516827, "MAE": 3.1642072308839175, "R2": 0.20115103446174742}}, 
"Gd_ctopo_fp_cmplx_da_sub.csv": {"best_name": "lgbm_raw", "holdout_metrics": {"RMSE": 12.615666619408296, "MAE": 2.7434683084956757, "R2": 0.3497119421213851}}, 
"Gd_ctopo_fp_skl_da_skl_bonds.csv": {"best_name": "lgbm_raw", "holdout_metrics": {"RMSE": 15.176588513570591, "MAE": 2.965709837514011, "R2": 0.2177064781872302}}, 
"Gd_ctopo_fp_skl_da_skl.csv": {"best_name": "lgbm_raw", "holdout_metrics": {"RMSE": 15.825226560577535, "MAE": 3.2018941409631965, "R2": 0.18427173481779058}}, 
"Gd_ctopo_fp_topo_da.csv": {"best_name": "lgbm_raw", "holdout_metrics": {"RMSE": 15.889431973569515, "MAE": 3.176375326027254, "R2": 0.18096219798716318}}, 
"Gd_ctopo_fp_skl_da_bonds.csv": {"best_name": "lgbm_pca", "holdout_metrics": {"RMSE": 13.755200218225518, "MAE": 2.6502605834598616, "R2": 0.2909734613721978}}, 
"Gd_ctopo_fp_ligand.csv": {"best_name": "lgbm_pca", "holdout_metrics": {"RMSE": 16.58541126448123, "MAE": 3.1506637205694203, "R2": 0.145087199458394}}, 
"Gd_ctopo_fp_skl.csv": {"best_name": "lgbm_raw", "holdout_metrics": {"RMSE": 14.366113301613144, "MAE": 3.0593832786135495, "R2": 0.25948329168765605}}}